,I+,I+,I+,I+,I+,I+,I+,I+,I+,I+,I+,I+,I+,I+,I-,I-,I-,I-,I-,I-,I-,I-,I-,I-,I-,I-,I-,I-,R,R,R,R,R,R,R,R,R,R,R,R,R,R
,41.0,46.0,42.0,35.0,40.0,37.0,44.0,43.0,0.0,51.0,52.0,48.0,45.0,1.0,41.0,46.0,42.0,35.0,40.0,37.0,44.0,43.0,0.0,51.0,52.0,48.0,45.0,1.0,41.0,46.0,42.0,35.0,40.0,37.0,44.0,43.0,0.0,51.0,52.0,48.0,45.0,1.0
2014-01-16,1.0,0.0,0.0,0.0,0.0,0.0,0.0,0.0,0.0,0.0,0.0,0.0,0.0,1.0,0.0,0.0,0.0,0.0,0.0,0.0,0.0,0.0,0.0,0.0,0.0,0.0,0.0,0.0,0.0,0.0,0.0,0.0,0.0,0.0,0.0,0.0,0.0,0.0,0.0,0.0,0.0,0.0
2014-01-17,0.9945054945054945,0.0,0.0,0.0,0.0,0.0,0.0,0.0,0.0,0.0,0.0,0.0,0.0,0.9945054945054945,0.0,0.0,0.0,0.0,0.0,0.0,0.0,0.0,0.0,0.0,0.0,0.0,0.0,0.0,0.005494505494505495,0.0,0.0,0.0,0.0,0.0,0.0,0.0,0.0,0.0,0.0,0.0,0.0,0.005494505494505495
2014-01-18,0.9890411786016182,0.0,0.0,0.0,0.0,0.0,0.0,0.0,0.0,0.0,0.0,0.0,0.0,0.9890411786016182,0.0,0.0,0.0,0.0,0.0,0.0,0.0,0.0,0.0,0.0,0.0,0.0,0.0,0.0,0.010958821398381838,0.0,0.0,0.0,0.0,0.0,0.0,0.0,0.0,0.0,0.0,0.0,0.0,0.010958821398381838
2014-01-19,0.9836068864114994,0.0,0.0,0.0,0.0,0.0,0.0,0.0,0.0,0.0,0.0,0.0,0.0,0.9836068864114994,0.0,0.0,0.0,0.0,0.0,0.0,0.0,0.0,0.0,0.0,0.0,0.0,0.0,0.0,0.01639311358850062,0.0,0.0,0.0,0.0,0.0,0.0,0.0,0.0,0.0,0.0,0.0,0.0,0.01639311358850062
2014-01-20,0.978202452969678,0.0,0.0,0.0,0.0,0.0,0.0,0.0,0.0,0.0,0.0,0.0,0.0,0.978202452969678,0.0,0.0,0.0,0.0,0.0,0.0,0.0,0.0,0.0,0.0,0.0,0.0,0.0,0.0,0.021797547030322044,0.0,0.0,0.0,0.0,0.0,0.0,0.0,0.0,0.0,0.0,0.0,0.0,0.021797547030322044
2014-01-21,0.9728277142170974,0.0,0.0,0.0,0.0,0.0,0.0,0.0,0.0,0.0,0.0,0.0,0.0,0.9728277142170974,0.0,0.0,0.0,0.0,0.0,0.0,0.0,0.0,0.0,0.0,0.0,0.0,0.0,0.0,0.02717228578290269,0.0,0.0,0.0,0.0,0.0,0.0,0.0,0.0,0.0,0.0,0.0,0.0,0.02717228578290269
2014-01-22,0.9674825069961243,0.0,0.0,0.0,0.0,0.0,0.0,0.0,0.0,0.0,0.0,0.0,0.0,0.9674825069961243,0.0,0.0,0.0,0.0,0.0,0.0,0.0,0.0,0.0,0.0,0.0,0.0,0.0,0.0,0.032517493003875755,0.0,0.0,0.0,0.0,0.0,0.0,0.0,0.0,0.0,0.0,0.0,0.0,0.032517493003875755
2014-01-23,0.9621666690455961,0.0,0.0,0.0,0.0,0.0,0.0,0.0,0.0,0.0,0.0,0.0,0.0,0.9621666690455961,0.0,0.0,0.0,0.0,0.0,0.0,0.0,0.0,0.0,0.0,0.0,0.0,0.0,0.0,0.03783333095440391,0.0,0.0,0.0,0.0,0.0,0.0,0.0,0.0,0.0,0.0,0.0,0.0,0.03783333095440391
2014-01-24,0.956880038995895,0.0,0.0,0.0,0.0,0.0,0.0,0.0,0.0,0.0,0.0,0.0,0.0,0.956880038995895,0.0,0.0,0.0,0.0,0.0,0.0,0.0,0.0,0.0,0.0,0.0,0.0,0.0,0.0,0.043119961004104986,0.0,0.0,0.0,0.0,0.0,0.0,0.0,0.0,0.0,0.0,0.0,0.0,0.043119961004104986
2014-01-25,0.9516224563640495,0.0,0.0,0.0,0.0,0.0,0.0,0.0,0.0,0.0,0.0,0.0,0.0,0.9516224563640495,0.0,0.0,0.0,0.0,0.0,0.0,0.0,0.0,0.0,0.0,0.0,0.0,0.0,0.0,0.048377543635950565,0.0,0.0,0.0,0.0,0.0,0.0,0.0,0.0,0.0,0.0,0.0,0.0,0.048377543635950565
2014-01-26,0.9463937615488625,0.0,0.0,0.0,0.0,0.0,0.0,0.0,0.0,0.0,0.0,0.0,0.0,0.9463937615488625,0.0,0.0,0.0,0.0,0.0,0.0,0.0,0.0,0.0,0.0,0.0,0.0,0.0,0.0,0.05360623845113765,0.0,0.0,0.0,0.0,0.0,0.0,0.0,0.0,0.0,0.0,0.0,0.0,0.05360623845113765
2014-01-27,0.9411937958260665,0.0,0.0,0.0,0.0,0.0,0.0,0.0,0.0,0.0,0.0,0.0,0.0,0.9411937958260665,0.0,0.0,0.0,0.0,0.0,0.0,0.0,0.0,0.0,0.0,0.0,0.0,0.0,0.0,0.0588062041739336,0.0,0.0,0.0,0.0,0.0,0.0,0.0,0.0,0.0,0.0,0.0,0.0,0.0588062041739336
2014-01-28,0.9360224013435057,0.0,0.0,0.0,0.0,0.0,0.0,0.0,0.0,0.0,0.0,0.0,0.0,0.9360224013435057,0.0,0.0,0.0,0.0,0.0,0.0,0.0,0.0,0.0,0.0,0.0,0.0,0.0,0.0,0.0639775986564944,0.0,0.0,0.0,0.0,0.0,0.0,0.0,0.0,0.0,0.0,0.0,0.0,0.0639775986564944
2014-01-29,0.9308794211163436,0.0,0.0,0.0,0.0,0.0,0.0,0.0,0.0,0.0,0.0,0.0,0.0,0.9308794211163436,0.0,0.0,0.0,0.0,0.0,0.0,0.0,0.0,0.0,0.0,0.0,0.0,0.0,0.0,0.06912057888365651,0.0,0.0,0.0,0.0,0.0,0.0,0.0,0.0,0.0,0.0,0.0,0.0,0.06912057888365651
2014-01-30,0.9257646990222977,0.0,0.0,0.0,0.0,0.0,0.0,0.0,0.0,0.0,0.0,0.0,0.0,0.9257646990222977,0.0,0.0,0.0,0.0,0.0,0.0,0.0,0.0,0.0,0.0,0.0,0.0,0.0,0.0,0.07423530097770235,0.0,0.0,0.0,0.0,0.0,0.0,0.0,0.0,0.0,0.0,0.0,0.0,0.07423530097770235
2014-01-31,0.9206780797969004,0.0,0.0,0.0,0.0,0.0,0.0,0.0,0.0,0.0,0.0,0.0,0.0,0.9206780797969004,0.0,0.0,0.0,0.0,0.0,0.0,0.0,0.0,0.0,0.0,0.0,0.0,0.0,0.0,0.0793219202030996,0.0,0.0,0.0,0.0,0.0,0.0,0.0,0.0,0.0,0.0,0.0,0.0,0.0793219202030996
2014-02-01,0.9156194090287856,0.0,0.0,0.0,0.0,0.0,0.0,0.0,0.0,0.0,0.0,0.0,0.0,0.9156194090287856,0.0,0.0,0.0,0.0,0.0,0.0,0.0,0.0,0.0,0.0,0.0,0.0,0.0,0.0,0.08438059097121443,0.0,0.0,0.0,0.0,0.0,0.0,0.0,0.0,0.0,0.0,0.0,0.0,0.08438059097121443
2014-02-02,0.9105885331550011,0.0,0.0,0.0,0.0,0.0,0.0,0.0,0.0,0.0,0.0,0.0,0.0,0.9105885331550011,0.0,0.0,0.0,0.0,0.0,0.0,0.0,0.0,0.0,0.0,0.0,0.0,0.0,0.0,0.08941146684499897,0.0,0.0,0.0,0.0,0.0,0.0,0.0,0.0,0.0,0.0,0.0,0.0,0.08941146684499897
2014-02-03,0.9055852994563472,0.0,0.0,0.0,0.0,0.0,0.0,0.0,0.0,0.0,0.0,0.0,0.0,0.9055852994563472,0.0,0.0,0.0,0.0,0.0,0.0,0.0,0.0,0.0,0.0,0.0,0.0,0.0,0.0,0.09441470054365282,0.0,0.0,0.0,0.0,0.0,0.0,0.0,0.0,0.0,0.0,0.0,0.0,0.09441470054365282
2014-02-04,0.9006095560527411,0.0,0.0,0.0,0.0,0.0,0.0,0.0,0.0,0.0,0.0,0.0,0.0,0.9006095560527411,0.0,0.0,0.0,0.0,0.0,0.0,0.0,0.0,0.0,0.0,0.0,0.0,0.0,0.0,0.09939044394725913,0.0,0.0,0.0,0.0,0.0,0.0,0.0,0.0,0.0,0.0,0.0,0.0,0.09939044394725913
2014-02-05,0.8956611518986052,0.0,0.0,0.0,0.0,0.0,0.0,0.0,0.0,0.0,0.0,0.0,0.0,0.8956611518986052,0.0,0.0,0.0,0.0,0.0,0.0,0.0,0.0,0.0,0.0,0.0,0.0,0.0,0.0,0.10433884810139507,0.0,0.0,0.0,0.0,0.0,0.0,0.0,0.0,0.0,0.0,0.0,0.0,0.10433884810139507
2014-02-06,0.8907399367782832,0.0,0.0,0.0,0.0,0.0,0.0,0.0,0.0,0.0,0.0,0.0,0.0,0.8907399367782832,0.0,0.0,0.0,0.0,0.0,0.0,0.0,0.0,0.0,0.0,0.0,0.0,0.0,0.0,0.10926006322171708,0.0,0.0,0.0,0.0,0.0,0.0,0.0,0.0,0.0,0.0,0.0,0.0,0.10926006322171708
2014-02-07,0.8858457613014794,0.0,0.0,0.0,0.0,0.0,0.0,0.0,0.0,0.0,0.0,0.0,0.0,0.8858457613014794,0.0,0.0,0.0,0.0,0.0,0.0,0.0,0.0,0.0,0.0,0.0,0.0,0.0,0.0,0.11415423869852083,0.0,0.0,0.0,0.0,0.0,0.0,0.0,0.0,0.0,0.0,0.0,0.0,0.11415423869852083
2014-02-08,0.880978476898724,0.0,0.0,0.0,0.0,0.0,0.0,0.0,0.0,0.0,0.0,0.0,0.0,0.880978476898724,0.0,0.0,0.0,0.0,0.0,0.0,0.0,0.0,0.0,0.0,0.0,0.0,0.0,0.0,0.11902152310127621,0.0,0.0,0.0,0.0,0.0,0.0,0.0,0.0,0.0,0.0,0.0,0.0,0.11902152310127621
2014-02-09,0.876137935816863,0.0,0.0,0.0,0.0,0.0,0.0,0.0,0.0,0.0,0.0,0.0,0.0,0.876137935816863,0.0,0.0,0.0,0.0,0.0,0.0,0.0,0.0,0.0,0.0,0.0,0.0,0.0,0.0,0.12386206418313733,0.0,0.0,0.0,0.0,0.0,0.0,0.0,0.0,0.0,0.0,0.0,0.0,0.12386206418313733
2014-02-10,0.8713239911145725,0.0,0.0,0.0,0.0,0.0,0.0,0.0,0.0,0.0,0.0,0.0,0.0,0.8713239911145725,0.0,0.0,0.0,0.0,0.0,0.0,0.0,0.0,0.0,0.0,0.0,0.0,0.0,0.0,0.1286760088854278,0.0,0.0,0.0,0.0,0.0,0.0,0.0,0.0,0.0,0.0,0.0,0.0,0.1286760088854278
2014-02-11,0.866536496657899,0.0,0.0,0.0,0.0,0.0,0.0,0.0,0.0,0.0,0.0,0.0,0.0,0.866536496657899,0.0,0.0,0.0,0.0,0.0,0.0,0.0,0.0,0.0,0.0,0.0,0.0,0.0,0.0,0.13346350334210128,0.0,0.0,0.0,0.0,0.0,0.0,0.0,0.0,0.0,0.0,0.0,0.0,0.13346350334210128
2014-02-12,0.8617753071158227,0.0,0.0,0.0,0.0,0.0,0.0,0.0,0.0,0.0,0.0,0.0,0.0,0.8617753071158227,0.0,0.0,0.0,0.0,0.0,0.0,0.0,0.0,0.0,0.0,0.0,0.0,0.0,0.0,0.13822469288417763,0.0,0.0,0.0,0.0,0.0,0.0,0.0,0.0,0.0,0.0,0.0,0.0,0.13822469288417763
2014-02-13,0.8570402779558457,0.0,0.0,0.0,0.0,0.0,0.0,0.0,0.0,0.0,0.0,0.0,0.0,0.8570402779558457,0.0,0.0,0.0,0.0,0.0,0.0,0.0,0.0,0.0,0.0,0.0,0.0,0.0,0.0,0.1429597220441547,0.0,0.0,0.0,0.0,0.0,0.0,0.0,0.0,0.0,0.0,0.0,0.0,0.1429597220441547
2014-02-14,0.8523312654396048,0.0,0.0,0.0,0.0,0.0,0.0,0.0,0.0,0.0,0.0,0.0,0.0,0.8523312654396048,0.0,0.0,0.0,0.0,0.0,0.0,0.0,0.0,0.0,0.0,0.0,0.0,0.0,0.0,0.14766873456039561,0.0,0.0,0.0,0.0,0.0,0.0,0.0,0.0,0.0,0.0,0.0,0.0,0.14766873456039561
2014-02-15,0.8476481266185081,0.0,0.0,0.0,0.0,0.0,0.0,0.0,0.0,0.0,0.0,0.0,0.0,0.8476481266185081,0.0,0.0,0.0,0.0,0.0,0.0,0.0,0.0,0.0,0.0,0.0,0.0,0.0,0.0,0.15235187338149234,0.0,0.0,0.0,0.0,0.0,0.0,0.0,0.0,0.0,0.0,0.0,0.0,0.15235187338149234
2014-02-16,0.8429907193293954,0.0,0.0,0.0,0.0,0.0,0.0,0.0,0.0,0.0,0.0,0.0,0.0,0.8429907193293954,0.0,0.0,0.0,0.0,0.0,0.0,0.0,0.0,0.0,0.0,0.0,0.0,0.0,0.0,0.15700928067060502,0.0,0.0,0.0,0.0,0.0,0.0,0.0,0.0,0.0,0.0,0.0,0.0,0.15700928067060502
2014-02-17,0.8383589021902229,0.0,0.0,0.0,0.0,0.0,0.0,0.0,0.0,0.0,0.0,0.0,0.0,0.8383589021902229,0.0,0.0,0.0,0.0,0.0,0.0,0.0,0.0,0.0,0.0,0.0,0.0,0.0,0.0,0.1616410978097775,0.0,0.0,0.0,0.0,0.0,0.0,0.0,0.0,0.0,0.0,0.0,0.0,0.1616410978097775
2014-02-18,0.833752534595771,0.0,0.0,0.0,0.0,0.0,0.0,0.0,0.0,0.0,0.0,0.0,0.0,0.833752534595771,0.0,0.0,0.0,0.0,0.0,0.0,0.0,0.0,0.0,0.0,0.0,0.0,0.0,0.0,0.16624746540422927,0.0,0.0,0.0,0.0,0.0,0.0,0.0,0.0,0.0,0.0,0.0,0.0,0.16624746540422927
2014-02-19,0.8291714767133767,0.0,0.0,0.0,0.0,0.0,0.0,0.0,0.0,0.0,0.0,0.0,0.0,0.8291714767133767,0.0,0.0,0.0,0.0,0.0,0.0,0.0,0.0,0.0,0.0,0.0,0.0,0.0,0.0,0.17082852328662362,0.0,0.0,0.0,0.0,0.0,0.0,0.0,0.0,0.0,0.0,0.0,0.0,0.17082852328662362
2014-02-20,0.8246155894786877,0.0,0.0,0.0,0.0,0.0,0.0,0.0,0.0,0.0,0.0,0.0,0.0,0.8246155894786877,0.0,0.0,0.0,0.0,0.0,0.0,0.0,0.0,0.0,0.0,0.0,0.0,0.0,0.0,0.1753844105213125,0.0,0.0,0.0,0.0,0.0,0.0,0.0,0.0,0.0,0.0,0.0,0.0,0.1753844105213125
2014-02-21,0.8200847345914422,0.0,0.0,0.0,0.0,0.0,0.0,0.0,0.0,0.0,0.0,0.0,0.0,0.8200847345914422,0.0,0.0,0.0,0.0,0.0,0.0,0.0,0.0,0.0,0.0,0.0,0.0,0.0,0.0,0.17991526540855804,0.0,0.0,0.0,0.0,0.0,0.0,0.0,0.0,0.0,0.0,0.0,0.0,0.17991526540855804
2014-02-22,0.8155787745112695,0.0,0.0,0.0,0.0,0.0,0.0,0.0,0.0,0.0,0.0,0.0,0.0,0.8155787745112695,0.0,0.0,0.0,0.0,0.0,0.0,0.0,0.0,0.0,0.0,0.0,0.0,0.0,0.0,0.1844212254887308,0.0,0.0,0.0,0.0,0.0,0.0,0.0,0.0,0.0,0.0,0.0,0.0,0.1844212254887308
2014-02-23,0.8110975724535152,0.0,0.0,0.0,0.0,0.0,0.0,0.0,0.0,0.0,0.0,0.0,0.0,0.8110975724535152,0.0,0.0,0.0,0.0,0.0,0.0,0.0,0.0,0.0,0.0,0.0,0.0,0.0,0.0,0.18890242754648504,0.0,0.0,0.0,0.0,0.0,0.0,0.0,0.0,0.0,0.0,0.0,0.0,0.18890242754648504
2014-02-24,0.8066409923850892,0.0,0.0,0.0,0.0,0.0,0.0,0.0,0.0,0.0,0.0,0.0,0.0,0.8066409923850892,0.0,0.0,0.0,0.0,0.0,0.0,0.0,0.0,0.0,0.0,0.0,0.0,0.0,0.0,0.19335900761491095,0.0,0.0,0.0,0.0,0.0,0.0,0.0,0.0,0.0,0.0,0.0,0.0,0.19335900761491095
2014-02-25,0.802208899020336,0.0,0.0,0.0,0.0,0.0,0.0,0.0,0.0,0.0,0.0,0.0,0.0,0.802208899020336,0.0,0.0,0.0,0.0,0.0,0.0,0.0,0.0,0.0,0.0,0.0,0.0,0.0,0.0,0.19779110097966418,0.0,0.0,0.0,0.0,0.0,0.0,0.0,0.0,0.0,0.0,0.0,0.0,0.19779110097966418
2014-02-26,0.7978011578169275,0.0,0.0,0.0,0.0,0.0,0.0,0.0,0.0,0.0,0.0,0.0,0.0,0.7978011578169275,0.0,0.0,0.0,0.0,0.0,0.0,0.0,0.0,0.0,0.0,0.0,0.0,0.0,0.0,0.20219884218307263,0.0,0.0,0.0,0.0,0.0,0.0,0.0,0.0,0.0,0.0,0.0,0.0,0.20219884218307263
2014-02-27,0.7934176349717795,0.0,0.0,0.0,0.0,0.0,0.0,0.0,0.0,0.0,0.0,0.0,0.0,0.7934176349717795,0.0,0.0,0.0,0.0,0.0,0.0,0.0,0.0,0.0,0.0,0.0,0.0,0.0,0.0,0.20658236502822058,0.0,0.0,0.0,0.0,0.0,0.0,0.0,0.0,0.0,0.0,0.0,0.0,0.20658236502822058
2014-02-28,0.7890581974169896,0.0,0.0,0.0,0.0,0.0,0.0,0.0,0.0,0.0,0.0,0.0,0.0,0.7890581974169896,0.0,0.0,0.0,0.0,0.0,0.0,0.0,0.0,0.0,0.0,0.0,0.0,0.0,0.0,0.21094180258301057,0.0,0.0,0.0,0.0,0.0,0.0,0.0,0.0,0.0,0.0,0.0,0.0,0.21094180258301057
2014-03-01,0.7847227128157974,0.0,0.0,0.0,0.0,0.0,0.0,0.0,0.0,0.0,0.0,0.0,0.0,0.7847227128157974,0.0,0.0,0.0,0.0,0.0,0.0,0.0,0.0,0.0,0.0,0.0,0.0,0.0,0.0,0.21527728718420283,0.0,0.0,0.0,0.0,0.0,0.0,0.0,0.0,0.0,0.0,0.0,0.0,0.21527728718420283
2014-03-02,0.7804110495585678,0.0,0.0,0.0,0.0,0.0,0.0,0.0,0.0,0.0,0.0,0.0,0.0,0.7804110495585678,0.0,0.0,0.0,0.0,0.0,0.0,0.0,0.0,0.0,0.0,0.0,0.0,0.0,0.0,0.21958895044143248,0.0,0.0,0.0,0.0,0.0,0.0,0.0,0.0,0.0,0.0,0.0,0.0,0.21958895044143248
2014-03-03,0.7761230767587954,0.0,0.0,0.0,0.0,0.0,0.0,0.0,0.0,0.0,0.0,0.0,0.0,0.7761230767587954,0.0,0.0,0.0,0.0,0.0,0.0,0.0,0.0,0.0,0.0,0.0,0.0,0.0,0.0,0.22387692324120484,0.0,0.0,0.0,0.0,0.0,0.0,0.0,0.0,0.0,0.0,0.0,0.0,0.22387692324120484
2014-03-04,0.7718586642491317,0.0,0.0,0.0,0.0,0.0,0.0,0.0,0.0,0.0,0.0,0.0,0.0,0.7718586642491317,0.0,0.0,0.0,0.0,0.0,0.0,0.0,0.0,0.0,0.0,0.0,0.0,0.0,0.0,0.22814133575086856,0.0,0.0,0.0,0.0,0.0,0.0,0.0,0.0,0.0,0.0,0.0,0.0,0.22814133575086856
2014-03-05,0.7676176825774331,0.0,0.0,0.0,0.0,0.0,0.0,0.0,0.0,0.0,0.0,0.0,0.0,0.7676176825774331,0.0,0.0,0.0,0.0,0.0,0.0,0.0,0.0,0.0,0.0,0.0,0.0,0.0,0.0,0.2323823174225671,0.0,0.0,0.0,0.0,0.0,0.0,0.0,0.0,0.0,0.0,0.0,0.0,0.2323823174225671
2014-03-06,0.763400003002832,0.0,0.0,0.0,0.0,0.0,0.0,0.0,0.0,0.0,0.0,0.0,0.0,0.763400003002832,0.0,0.0,0.0,0.0,0.0,0.0,0.0,0.0,0.0,0.0,0.0,0.0,0.0,0.0,0.23659999699716838,0.0,0.0,0.0,0.0,0.0,0.0,0.0,0.0,0.0,0.0,0.0,0.0,0.23659999699716838
2014-03-07,0.7592054974918274,0.0,0.0,0.0,0.0,0.0,0.0,0.0,0.0,0.0,0.0,0.0,0.0,0.7592054974918274,0.0,0.0,0.0,0.0,0.0,0.0,0.0,0.0,0.0,0.0,0.0,0.0,0.0,0.0,0.24079450250817294,0.0,0.0,0.0,0.0,0.0,0.0,0.0,0.0,0.0,0.0,0.0,0.0,0.24079450250817294
2014-03-08,0.7550340387143998,0.0,0.0,0.0,0.0,0.0,0.0,0.0,0.0,0.0,0.0,0.0,0.0,0.7550340387143998,0.0,0.0,0.0,0.0,0.0,0.0,0.0,0.0,0.0,0.0,0.0,0.0,0.0,0.0,0.24496596128560055,0.0,0.0,0.0,0.0,0.0,0.0,0.0,0.0,0.0,0.0,0.0,0.0,0.24496596128560055
2014-03-09,0.7508855000401449,0.0,0.0,0.0,0.0,0.0,0.0,0.0,0.0,0.0,0.0,0.0,0.0,0.7508855000401449,0.0,0.0,0.0,0.0,0.0,0.0,0.0,0.0,0.0,0.0,0.0,0.0,0.0,0.0,0.2491144999598555,0.0,0.0,0.0,0.0,0.0,0.0,0.0,0.0,0.0,0.0,0.0,0.0,0.2491144999598555
2014-03-10,0.7467597555344297,0.0,0.0,0.0,0.0,0.0,0.0,0.0,0.0,0.0,0.0,0.0,0.0,0.7467597555344297,0.0,0.0,0.0,0.0,0.0,0.0,0.0,0.0,0.0,0.0,0.0,0.0,0.0,0.0,0.2532402444655706,0.0,0.0,0.0,0.0,0.0,0.0,0.0,0.0,0.0,0.0,0.0,0.0,0.2532402444655706
2014-03-11,0.7426566799545702,0.0,0.0,0.0,0.0,0.0,0.0,0.0,0.0,0.0,0.0,0.0,0.0,0.7426566799545702,0.0,0.0,0.0,0.0,0.0,0.0,0.0,0.0,0.0,0.0,0.0,0.0,0.0,0.0,0.2573433200454301,0.0,0.0,0.0,0.0,0.0,0.0,0.0,0.0,0.0,0.0,0.0,0.0,0.2573433200454301
2014-03-12,0.7385761487460286,0.0,0.0,0.0,0.0,0.0,0.0,0.0,0.0,0.0,0.0,0.0,0.0,0.7385761487460286,0.0,0.0,0.0,0.0,0.0,0.0,0.0,0.0,0.0,0.0,0.0,0.0,0.0,0.0,0.26142385125397166,0.0,0.0,0.0,0.0,0.0,0.0,0.0,0.0,0.0,0.0,0.0,0.0,0.26142385125397166
2014-03-13,0.7345180380386329,0.0,0.0,0.0,0.0,0.0,0.0,0.0,0.0,0.0,0.0,0.0,0.0,0.7345180380386329,0.0,0.0,0.0,0.0,0.0,0.0,0.0,0.0,0.0,0.0,0.0,0.0,0.0,0.0,0.2654819619613674,0.0,0.0,0.0,0.0,0.0,0.0,0.0,0.0,0.0,0.0,0.0,0.0,0.2654819619613674
2014-03-14,0.7304822246428162,0.0,0.0,0.0,0.0,0.0,0.0,0.0,0.0,0.0,0.0,0.0,0.0,0.7304822246428162,0.0,0.0,0.0,0.0,0.0,0.0,0.0,0.0,0.0,0.0,0.0,0.0,0.0,0.0,0.2695177753571841,0.0,0.0,0.0,0.0,0.0,0.0,0.0,0.0,0.0,0.0,0.0,0.0,0.2695177753571841
2014-03-15,0.7264685860458776,0.0,0.0,0.0,0.0,0.0,0.0,0.0,0.0,0.0,0.0,0.0,0.0,0.7264685860458776,0.0,0.0,0.0,0.0,0.0,0.0,0.0,0.0,0.0,0.0,0.0,0.0,0.0,0.0,0.2735314139541226,0.0,0.0,0.0,0.0,0.0,0.0,0.0,0.0,0.0,0.0,0.0,0.0,0.2735314139541226
2014-03-16,0.7224770004082629,0.0,0.0,0.0,0.0,0.0,0.0,0.0,0.0,0.0,0.0,0.0,0.0,0.7224770004082629,0.0,0.0,0.0,0.0,0.0,0.0,0.0,0.0,0.0,0.0,0.0,0.0,0.0,0.0,0.2775229995917373,0.0,0.0,0.0,0.0,0.0,0.0,0.0,0.0,0.0,0.0,0.0,0.0,0.2775229995917373
2014-03-17,0.7185073465598659,0.0,0.0,0.0,0.0,0.0,0.0,0.0,0.0,0.0,0.0,0.0,0.0,0.7185073465598659,0.0,0.0,0.0,0.0,0.0,0.0,0.0,0.0,0.0,0.0,0.0,0.0,0.0,0.0,0.28149265344013435,0.0,0.0,0.0,0.0,0.0,0.0,0.0,0.0,0.0,0.0,0.0,0.0,0.28149265344013435
2014-03-18,0.7145595039963502,0.0,0.0,0.0,0.0,0.0,0.0,0.0,0.0,0.0,0.0,0.0,0.0,0.7145595039963502,0.0,0.0,0.0,0.0,0.0,0.0,0.0,0.0,0.0,0.0,0.0,0.0,0.0,0.0,0.2854404960036501,0.0,0.0,0.0,0.0,0.0,0.0,0.0,0.0,0.0,0.0,0.0,0.0,0.2854404960036501
2014-03-19,0.710633352875491,0.0,0.0,0.0,0.0,0.0,0.0,0.0,0.0,0.0,0.0,0.0,0.0,0.710633352875491,0.0,0.0,0.0,0.0,0.0,0.0,0.0,0.0,0.0,0.0,0.0,0.0,0.0,0.0,0.2893666471245092,0.0,0.0,0.0,0.0,0.0,0.0,0.0,0.0,0.0,0.0,0.0,0.0,0.2893666471245092
2014-03-20,0.7067287740135377,0.0,0.0,0.0,0.0,0.0,0.0,0.0,0.0,0.0,0.0,0.0,0.0,0.7067287740135377,0.0,0.0,0.0,0.0,0.0,0.0,0.0,0.0,0.0,0.0,0.0,0.0,0.0,0.0,0.29327122598646244,0.0,0.0,0.0,0.0,0.0,0.0,0.0,0.0,0.0,0.0,0.0,0.0,0.29327122598646244
2014-03-21,0.7028456488815953,0.0,0.0,0.0,0.0,0.0,0.0,0.0,0.0,0.0,0.0,0.0,0.0,0.7028456488815953,0.0,0.0,0.0,0.0,0.0,0.0,0.0,0.0,0.0,0.0,0.0,0.0,0.0,0.0,0.29715435111840494,0.0,0.0,0.0,0.0,0.0,0.0,0.0,0.0,0.0,0.0,0.0,0.0,0.29715435111840494
2014-03-22,0.698983859602026,0.0,0.0,0.0,0.0,0.0,0.0,0.0,0.0,0.0,0.0,0.0,0.0,0.698983859602026,0.0,0.0,0.0,0.0,0.0,0.0,0.0,0.0,0.0,0.0,0.0,0.0,0.0,0.0,0.30101614039797414,0.0,0.0,0.0,0.0,0.0,0.0,0.0,0.0,0.0,0.0,0.0,0.0,0.30101614039797414
2014-03-23,0.6951432889448721,0.0,0.0,0.0,0.0,0.0,0.0,0.0,0.0,0.0,0.0,0.0,0.0,0.6951432889448721,0.0,0.0,0.0,0.0,0.0,0.0,0.0,0.0,1.0,0.0,0.0,0.0,0.0,1.0,0.3048567110551281,0.0,0.0,0.0,0.0,0.0,0.0,0.0,0.0,0.0,0.0,0.0,0.0,0.3048567110551281
2014-03-24,0.691323820324296,0.0,0.0,0.0,0.0,0.0,0.0,0.0,0.0,0.0,0.0,0.0,0.0,0.691323820324296,0.0,0.0,0.0,0.0,0.0,0.0,0.0,0.0,0.9945054945054945,0.0,0.0,0.0,0.0,0.9945054945054945,0.3086761796757043,0.0,0.0,0.0,0.0,0.0,0.0,0.0,0.005494505494505495,0.0,0.0,0.0,0.0,0.3141706851702098
2014-03-25,0.6875253377950415,0.0,0.0,0.0,0.0,0.0,0.0,0.0,0.0,0.0,0.0,0.0,0.0,0.6875253377950415,0.0,0.0,0.0,0.0,0.0,0.0,0.0,0.0,0.9890411786016182,0.0,0.0,0.0,0.0,0.9890411786016182,0.3124746622049587,0.0,0.0,0.0,0.0,0.0,0.0,0.0,0.010958821398381838,0.0,0.0,0.0,0.0,0.3234334836033405
2014-03-26,0.683747726048915,0.0,0.0,0.0,0.0,0.0,0.0,0.0,0.0,0.0,0.0,0.0,0.0,0.683747726048915,0.0,0.0,0.0,0.0,0.0,0.0,0.0,0.0,0.9836068864114994,0.0,0.0,0.0,0.0,0.9836068864114994,0.3162522739510853,0.0,0.0,0.0,0.0,0.0,0.0,0.0,0.01639311358850062,0.0,0.0,0.0,0.0,0.3326453875395859
2014-03-27,0.6799908704112836,0.0,0.0,0.0,0.0,0.0,0.0,0.0,0.0,0.0,0.0,0.0,0.0,0.6799908704112836,0.0,0.0,0.0,0.0,0.0,0.0,0.0,0.0,0.978202452969678,0.0,0.0,0.0,0.0,0.978202452969678,0.3200091295887167,0.0,0.0,0.0,0.0,0.0,0.0,0.0,0.021797547030322044,0.0,0.0,0.0,0.0,0.34180667661903874
2014-03-28,0.6762546568375952,0.0,0.0,0.0,0.0,0.0,0.0,0.0,0.0,0.0,0.0,0.0,0.0,0.6762546568375952,0.0,0.0,0.0,0.0,0.0,0.0,0.0,0.0,0.9728277142170974,0.0,0.0,0.0,0.0,0.9728277142170974,0.32374534316240505,0.0,0.0,0.0,0.0,0.0,0.0,0.0,0.02717228578290269,0.0,0.0,0.0,0.0,0.35091762894530776
2014-03-29,0.6725389719099162,0.0,0.0,0.0,0.0,0.0,0.0,0.0,0.0,0.0,0.0,0.0,0.0,0.6725389719099162,0.0,0.0,0.0,0.0,0.0,0.0,0.0,0.0,0.9674825069961243,0.0,0.0,0.0,0.0,0.9674825069961243,0.32746102809008415,0.0,0.0,0.0,0.0,0.0,0.0,0.0,0.032517493003875755,0.0,0.0,0.0,0.0,0.3599785210939599
2014-03-30,0.668843702833488,0.0,0.0,0.0,0.0,0.0,0.0,0.0,0.0,0.0,0.0,0.0,0.0,0.668843702833488,1.0,0.0,0.0,0.0,0.0,0.0,0.0,0.0,0.9621666690455961,0.0,0.0,0.0,0.0,1.9621666690455961,0.33115629716651224,0.0,0.0,0.0,0.0,0.0,0.0,0.0,0.03783333095440391,0.0,0.0,0.0,0.0,0.3689896281209161
2014-03-31,0.6651687374333041,0.0,0.0,0.0,0.0,0.0,0.0,0.0,0.0,0.0,0.0,0.0,0.0,0.6651687374333041,0.9945054945054945,0.0,0.0,0.0,0.0,0.0,0.0,0.0,0.956880038995895,0.0,0.0,0.0,0.0,1.9513855335013894,0.34032576806120174,0.0,0.0,0.0,0.0,0.0,0.0,0.0,0.043119961004104986,0.0,0.0,0.0,0.0,0.3834457290653067
2014-04-01,0.6615139641507035,0.0,0.0,0.0,0.0,0.0,0.0,0.0,0.0,0.0,0.0,0.0,0.0,0.6615139641507035,0.9890411786016182,0.0,0.0,0.0,0.0,0.0,0.0,0.0,0.9516224563640495,0.0,0.0,0.0,0.0,1.9406636349656678,0.34944485724767865,0.0,0.0,0.0,0.0,0.0,0.0,0.0,0.048377543635950565,0.0,0.0,0.0,0.0,0.3978224008836292
2014-04-02,0.6578792720399853,0.0,0.0,0.0,0.0,0.0,0.0,0.0,0.0,0.0,0.0,0.0,0.0,0.6578792720399853,0.9836068864114994,0.0,0.0,0.0,0.0,0.0,0.0,0.0,0.9463937615488625,0.0,0.0,0.0,0.0,1.930000647960362,0.35851384154851557,0.0,0.0,0.0,0.0,0.0,0.0,0.0,0.05360623845113765,0.0,0.0,0.0,0.0,0.4121200799996532
2014-04-03,0.6542645507650403,0.0,0.0,0.0,0.0,0.0,0.0,0.0,0.0,0.0,0.0,0.0,0.0,0.6542645507650403,0.978202452969678,0.0,0.0,0.0,0.0,0.0,0.0,0.0,0.9411937958260665,0.0,0.0,0.0,0.0,1.9193962487957446,0.36753299626528196,0.0,0.0,0.0,0.0,0.0,0.0,0.0,0.0588062041739336,0.0,0.0,0.0,0.0,0.4263392004392156
2014-04-04,0.6506696905960015,0.0,0.0,0.0,0.0,0.0,0.0,0.0,0.0,0.0,0.0,0.0,0.0,0.6506696905960015,0.9728277142170974,0.0,0.0,0.0,0.0,0.0,0.0,0.0,0.9360224013435057,0.0,0.0,0.0,0.0,1.908850115560603,0.3765025951869013,0.0,0.0,0.0,0.0,0.0,0.0,0.0,0.0639775986564944,0.0,0.0,0.0,0.0,0.4404801938433957
2014-04-05,0.6470945824059136,0.0,0.0,0.0,0.0,0.0,0.0,0.0,0.0,0.0,0.0,0.0,0.0,0.6470945824059136,0.9674825069961243,0.0,0.0,0.0,0.0,0.0,0.0,0.0,0.9308794211163436,0.0,0.0,0.0,0.0,1.8983619281124677,0.3854229105979623,0.0,0.0,0.0,0.0,0.0,0.0,0.0,0.06912057888365651,0.0,0.0,0.0,0.0,0.4545434894816188
2014-04-06,0.6435391176674194,0.0,0.0,0.0,0.0,0.0,0.0,0.0,0.0,0.0,0.0,0.0,0.0,0.6435391176674194,0.9621666690455961,0.0,0.0,0.0,0.0,0.0,0.0,0.0,0.9257646990222977,0.0,0.0,0.0,0.0,1.887931368067894,0.3942942132869845,0.0,0.0,0.0,0.0,0.0,0.0,0.0,0.07423530097770235,0.0,0.0,0.0,0.0,0.46852951426468686
2014-04-07,0.6400031884494666,0.0,0.0,0.0,0.0,0.0,0.0,0.0,0.0,0.0,0.0,0.0,0.0,0.6400031884494666,0.956880038995895,0.0,0.0,0.0,0.0,0.0,0.0,0.0,0.9206780797969004,0.0,0.0,0.0,0.0,1.8775581187927954,0.40311677255463846,0.0,0.0,0.0,0.0,0.0,0.0,0.0,0.0793219202030996,0.0,0.0,0.0,0.0,0.48243869275773804
2014-04-08,0.6364866874140299,0.0,0.0,0.0,0.0,0.0,0.0,0.0,0.0,0.0,0.0,0.0,0.0,0.6364866874140299,0.9516224563640495,0.0,0.0,0.0,0.0,0.0,0.0,0.0,0.9156194090287856,0.0,0.0,0.0,0.0,1.867241865392835,0.4118908562219206,0.0,0.0,0.0,0.0,0.0,0.0,0.0,0.08438059097121443,0.0,0.0,0.0,0.0,0.49627144719313504
2014-04-09,0.6329895078128539,0.0,0.0,0.0,0.0,0.0,0.0,0.0,0.0,0.0,0.0,0.0,0.0,0.6329895078128539,0.9463937615488625,0.0,0.0,0.0,0.0,0.0,0.0,0.0,0.9105885331550011,0.0,0.0,0.0,0.0,1.8569822947038634,0.4206167306382837,0.0,0.0,0.0,0.0,0.0,0.0,0.0,0.08941146684499897,0.0,0.0,0.0,0.0,0.5100281974832827
2014-04-10,0.6295115434842119,0.0,0.0,0.0,0.0,0.0,0.0,0.0,0.0,0.0,0.0,0.0,0.0,0.6295115434842119,0.9411937958260665,0.0,0.0,0.0,0.0,0.0,0.0,0.0,0.9055852994563472,0.0,0.0,0.0,0.0,1.8467790952824137,0.4292946606897217,0.0,0.0,0.0,0.0,0.0,0.0,0.0,0.09441470054365282,0.0,0.0,0.0,0.0,0.5237093612333745
2014-04-11,0.6260526888496832,0.0,0.0,0.0,0.0,0.0,0.0,0.0,0.0,0.0,0.0,0.0,0.0,0.6260526888496832,0.9360224013435057,0.0,0.0,0.0,0.0,0.0,0.0,0.0,0.9006095560527411,0.0,0.0,0.0,0.0,1.8366319573962469,0.4379249098068112,0.0,0.0,0.0,0.0,0.0,0.0,0.0,0.09939044394725913,0.0,0.0,0.0,0.0,0.5373153537540704
2014-04-12,0.6226128389109488,0.0,0.0,0.0,0.0,0.0,0.0,0.0,0.0,0.0,0.0,0.0,0.0,0.6226128389109488,0.9308794211163436,0.0,0.0,0.0,0.0,0.0,0.0,0.0,0.8956611518986052,0.0,0.0,0.0,0.0,1.8265405730149489,0.4465077399727079,0.0,0.0,0.0,0.0,0.0,0.0,0.0,0.10433884810139507,0.0,0.0,0.0,0.0,0.5508465880741029
2014-04-13,0.6191918892466028,0.0,0.0,0.0,0.0,0.0,0.0,0.0,0.0,0.0,0.0,0.0,0.0,0.6191918892466028,0.9257646990222977,0.0,0.0,0.0,0.0,0.0,0.0,0.0,0.8907399367782832,0.0,0.0,0.0,0.0,1.816504635800581,0.4550434117310996,0.0,0.0,0.0,0.0,0.0,0.0,0.0,0.10926006322171708,0.0,0.0,0.0,0.0,0.5643034749528166
2014-04-14,0.6157897360089841,0.0,0.0,0.0,0.0,0.0,0.0,0.0,0.0,0.0,0.0,0.0,0.0,0.6157897360089841,0.9206780797969004,0.0,0.0,0.0,0.0,0.0,0.0,0.0,0.8858457613014794,0.0,0.0,0.0,0.0,1.8065238410983797,0.4635321841941155,0.0,0.0,0.0,0.0,0.0,0.0,0.0,0.11415423869852083,0.0,0.0,0.0,0.0,0.5776864228926364
2014-04-15,0.6124062759210227,0.0,0.0,0.0,0.0,0.0,0.0,0.0,0.0,0.0,0.0,0.0,0.0,0.6124062759210227,0.9156194090287856,0.0,0.0,0.0,0.0,0.0,0.0,0.0,1.8809784768987239,0.0,0.0,0.0,0.0,2.7965978859275094,0.47197431505019183,0.0,0.0,0.0,0.0,0.0,0.0,0.0,0.11902152310127621,0.0,0.0,0.0,0.0,0.5909958381514681
2014-04-16,0.609041406273105,0.0,0.0,0.0,0.0,0.0,0.0,0.0,0.0,0.0,0.0,0.0,0.0,0.609041406273105,0.9105885331550011,0.0,0.0,0.0,0.0,0.0,0.0,0.0,1.8706434303223571,0.0,0.0,0.0,0.0,2.7812319634773583,0.4803700605718941,0.0,0.0,0.0,0.0,0.0,0.0,0.0,0.12935656967764284,0.0,0.0,0.0,0.0,0.6097266302495369
2014-04-17,0.6056950249199561,0.0,0.0,0.0,0.0,0.0,0.0,0.0,0.0,0.0,0.0,0.0,0.0,0.6056950249199561,0.9055852994563472,0.0,0.0,0.0,0.0,0.0,0.0,0.0,1.8603651697161905,0.0,0.0,0.0,0.0,2.765950469172538,0.48871967562369684,0.0,0.0,0.0,0.0,0.0,0.0,0.0,0.13963483028380963,0.0,0.0,0.0,0.0,0.6283545059075064
2014-04-18,0.6023670302775387,0.0,0.0,0.0,0.0,0.0,0.0,0.0,0.0,0.0,0.0,0.0,0.0,0.6023670302775387,1.900609556052741,0.0,0.0,0.0,0.0,0.0,0.0,0.0,1.850143383069398,0.0,0.0,0.0,0.0,3.750752939122139,0.49702341366972047,0.0,0.0,0.0,0.0,0.0,0.0,0.0,0.14985661693060187,0.0,0.0,0.0,0.0,0.6468800306003224
2014-04-19,0.5990573213199698,0.0,0.0,0.0,0.0,0.0,0.0,0.0,0.0,0.0,0.0,0.0,0.0,0.5990573213199698,1.8901666464040996,0.0,0.0,0.0,0.0,0.0,0.0,0.0,1.8399777600855003,0.0,0.0,0.0,0.0,3.7301444064896,0.5107760322759308,0.0,0.0,0.0,0.0,0.0,0.0,0.0,0.16002223991449965,0.0,0.0,0.0,0.0,0.6707982721904304
2014-04-20,0.5957657975764535,0.0,0.0,0.0,0.0,0.0,0.0,0.0,0.0,0.0,0.0,0.0,0.0,0.5957657975764535,1.8797811153799013,0.0,0.0,0.0,0.0,0.0,0.0,0.0,1.8298679921729426,0.0,0.0,0.0,0.0,3.7096491075528437,0.5244530870436455,0.0,0.0,0.0,0.0,0.0,0.0,0.0,0.17013200782705734,0.0,0.0,0.0,0.0,0.6945850948707029
2014-04-21,0.5924923591282313,0.0,0.0,0.0,0.0,0.0,0.0,0.0,0.0,0.0,0.0,0.0,0.0,0.5924923591282313,1.869452647712979,0.0,0.0,0.0,0.0,0.0,0.0,0.0,1.8198137724357284,0.0,0.0,0.0,0.0,3.6892664201487073,0.5380549931587902,0.0,0.0,0.0,0.0,0.0,0.0,0.0,0.1801862275642713,0.0,0.0,0.0,0.0,0.7182412207230615
2014-04-22,0.5892369066055487,0.0,0.0,0.0,0.0,0.0,0.0,0.0,0.0,0.0,0.0,0.0,0.0,0.5892369066055487,1.859180929868402,0.0,0.0,0.0,0.0,0.0,0.0,0.0,1.8098147956641035,0.0,0.0,0.0,0.0,3.668995725532506,0.5515821635260496,0.0,0.0,0.0,0.0,0.0,0.0,0.0,0.1901852043358962,0.0,0.0,0.0,0.0,0.7417673678619459
2014-04-23,0.5859993411846391,0.0,0.0,0.0,0.0,0.0,0.0,0.0,0.0,0.0,0.0,0.0,0.0,0.5859993411846391,1.8489656500339604,0.0,0.0,0.0,0.0,0.0,0.0,0.0,1.7998707583252898,0.0,0.0,0.0,0.0,3.64883640835925,0.565035008781401,0.0,0.0,0.0,0.0,0.0,0.0,0.0,0.20012924167470994,0.0,0.0,0.0,0.0,0.7651642504561109
2014-04-24,0.5827795645847235,0.0,0.0,0.0,0.0,0.0,0.0,0.0,0.0,0.0,0.0,0.0,0.0,0.5827795645847235,1.8388064981106969,0.0,0.0,0.0,0.0,0.0,0.0,0.0,1.7899813585542719,0.0,0.0,0.0,0.0,3.6287878566649687,0.5784139373045801,0.0,0.0,0.0,0.0,0.0,0.0,0.0,0.21001864144572802,0.0,0.0,0.0,0.0,0.7884325787503081
2014-04-25,0.5795774790650271,0.0,0.0,0.0,0.0,0.0,0.0,0.0,0.0,0.0,0.0,0.0,0.0,0.5795774790650271,1.8287031657034953,0.0,0.0,0.0,0.0,0.0,0.0,0.0,1.780146296144633,0.0,0.0,0.0,0.0,3.6088494618481284,0.591719355231478,0.0,0.0,0.0,0.0,0.0,0.0,0.0,0.21985370385536687,0.0,0.0,0.0,0.0,0.8115730590868449
2014-04-26,0.5763929874218127,0.0,0.0,0.0,0.0,0.0,0.0,0.0,0.0,0.0,0.0,0.0,0.0,0.5763929874218127,1.818655346111718,0.0,0.0,0.0,0.0,0.0,0.0,0.0,1.770365272539443,0.0,0.0,0.0,0.0,3.589020618651161,0.6049516664664699,0.0,0.0,0.0,0.0,0.0,0.0,0.0,0.22963472746055716,0.0,0.0,0.0,0.0,0.834586393927027
2014-04-27,1.573225992985429,0.0,0.0,0.0,0.0,0.0,0.0,0.0,0.0,0.0,0.0,0.0,0.0,1.573225992985429,3.8086627343198955,0.0,0.0,0.0,0.0,0.0,0.0,0.0,1.7606379908221932,0.0,0.0,0.0,0.0,5.569300725142089,0.6181112726946761,0.0,0.0,0.0,0.0,0.0,0.0,0.0,0.23936200917780684,0.0,0.0,0.0,0.0,0.857473281872483
2014-04-28,1.5645818941228717,0.0,0.0,0.0,0.0,0.0,0.0,0.0,0.0,0.0,0.0,0.0,0.0,1.5645818941228717,6.787736015999457,0.0,0.0,0.0,0.0,0.0,0.0,0.0,8.750964155707786,0.0,0.0,0.0,0.0,15.538700171707243,0.6476820898776725,0.0,0.0,0.0,0.0,0.0,0.0,0.0,0.24903584429221448,0.0,0.0,0.0,0.0,0.896717934169887
2014-04-29,1.55598529030901,0.0,0.0,0.0,0.0,0.0,0.0,0.0,0.0,0.0,0.0,0.0,0.0,1.55598529030901,6.750440763164295,0.0,0.0,0.0,0.0,0.0,0.0,0.0,10.702881935072028,0.0,0.0,0.0,0.0,17.453322698236324,0.6935739465266963,0.0,0.0,0.0,0.0,0.0,0.0,0.0,0.29711806492797155,0.0,0.0,0.0,0.0,0.9906920114546679
2014-04-30,1.5474359205820372,0.0,0.0,0.0,0.0,0.0,0.0,0.0,0.0,0.0,0.0,0.0,0.0,1.5474359205820372,8.713350429300755,0.0,0.0,0.0,0.0,0.0,0.0,0.0,11.644074891472732,0.0,0.0,0.0,0.0,20.357425320773487,0.7392136501172091,0.0,0.0,0.0,0.0,0.0,0.0,0.0,0.3559251085272684,0.0,0.0,0.0,0.0,1.0951387586444774
2014-05-01,1.5389335254140042,0.0,0.0,0.0,0.0,0.0,0.0,0.0,0.0,0.0,0.0,0.0,0.0,1.5389335254140042,8.66547487749141,0.0,0.0,0.0,0.0,0.0,0.0,0.0,11.580096458003101,0.0,0.0,0.0,0.0,20.24557133549451,0.795591597094587,0.0,0.0,0.0,0.0,0.0,0.0,0.0,0.4199035419968988,0.0,0.0,0.0,0.0,1.2154951390914859
2014-05-02,1.5304778467029383,0.0,0.0,0.0,0.0,0.0,0.0,0.0,0.0,0.0,0.0,0.0,0.0,1.5304778467029383,9.617862378164535,0.0,0.0,0.0,0.0,0.0,0.0,0.0,11.516469554387701,0.0,0.0,0.0,0.0,21.134331932552236,0.8516597751325289,0.0,0.0,0.0,0.0,0.0,0.0,0.0,0.4835304456123004,0.0,0.0,0.0,0.0,1.3351902207448294
2014-05-03,1.5220686277650102,0.0,0.0,0.0,0.0,0.0,0.0,0.0,0.0,0.0,0.0,0.0,0.0,1.5220686277650102,16.565016980482312,1.0,0.0,0.0,1.0,0.0,1.0,1.0,11.453192249143813,0.0,0.0,1.0,1.0,34.01820922962612,0.9129143917526799,0.0,0.0,0.0,0.0,0.0,0.0,0.0,0.5468077508561888,0.0,0.0,0.0,0.0,1.4597221426088687
2014-05-04,1.5137056133267408,0.0,0.0,0.0,0.0,0.0,0.0,0.0,0.0,0.0,0.0,0.0,0.0,1.5137056133267408,16.474000403666476,1.9945054945054945,2.0,1.0,4.9945054945054945,1.0,3.9945054945054945,1.9945054945054945,11.390262621401265,1.0,1.0,0.9945054945054945,0.9945054945054945,48.831295992100706,1.012293983006786,0.005494505494505495,0.0,0.0,0.005494505494505495,0.0,0.005494505494505495,0.005494505494505495,0.6097373785987372,0.0,0.0,0.005494505494505495,0.005494505494505495,1.6549983945725562
2014-05-05,1.5053885495172532,0.0,0.0,0.0,0.0,0.0,0.0,0.0,0.0,0.0,0.0,0.0,0.0,1.5053885495172532,16.383483917932047,1.9835466731071125,1.989010989010989,0.9945054945054945,4.967063156623596,0.9945054945054945,3.972557662118102,1.9835466731071125,11.327678760844115,0.9945054945054945,0.9945054945054945,0.9890411786016182,0.9890411786016182,48.56299216796829,1.1111275325507048,0.016453326892887334,0.01098901098901099,0.005494505494505495,0.03293684337640382,0.005494505494505495,0.027442337881898322,0.016453326892887334,0.672321239155887,0.005494505494505495,0.005494505494505495,0.010958821398381838,0.010958821398381838,1.9316192825144651
2014-05-06,1.497117183860565,0.0,0.0,0.0,0.0,0.0,0.0,0.0,0.0,0.0,0.0,0.0,0.0,1.497117183860565,17.293464775525827,1.9726480650131173,1.9780823572032364,0.9890411786016182,4.939771600817973,0.9890411786016182,3.950730422216354,1.9726480650131173,11.265438767652665,0.9890411786016182,0.9890411786016182,0.9836068864114994,0.9836068864114994,49.29616254067176,1.209418040613613,0.02735193498688246,0.021917642796763677,0.010958821398381838,0.06022839918202798,0.010958821398381838,0.049269577783646136,0.02735193498688246,0.7345612323473383,0.010958821398381838,0.010958821398381838,0.01639311358850062,0.01639311358850062,2.2067202754676827
2014-05-07,1.4888912652679247,0.0,0.0,0.0,0.0,0.0,0.0,0.0,0.0,0.0,0.0,0.0,0.0,1.4888912652679247,17.198445738297664,1.961809339381177,1.9672137728229988,0.9836068864114994,4.912629998615676,0.9836068864114994,3.9290231122041765,1.961809339381177,11.203540752445782,0.9836068864114994,0.9836068864114994,0.978202452969678,0.978202452969678,49.025304504734,1.3126629964344174,0.03819066061882266,0.03278622717700124,0.01639311358850062,0.08737000138432453,0.01639311358850062,0.07097688779582391,0.03819066061882266,0.796459247554221,0.01639311358850062,0.01639311358850062,0.021797547030322044,0.021797547030322044,2.4858042299980805
2014-05-08,1.4807105440301889,0.0,0.0,0.0,0.0,0.0,0.0,0.0,0.0,0.0,0.0,0.0,0.0,1.4807105440301889,17.103948783691635,1.951030167186775,1.956404905939356,0.978202452969678,4.88563752609581,0.978202452969678,3.9074350731261314,1.951030167186775,11.141982836223553,0.978202452969678,0.978202452969678,0.9728277142170974,0.9728277142170974,48.75593469976294,1.4153406722781843,0.048969832813224735,0.04359509406064409,0.021797547030322044,0.11436247390419088,0.021797547030322044,0.09256492687386883,0.048969832813224735,0.8580171637764507,0.021797547030322044,0.021797547030322044,0.02717228578290269,0.02717228578290269,2.7633547562068825
2014-05-09,1.4725747718102429,0.0,0.0,0.0,0.0,0.0,0.0,0.0,0.0,0.0,0.0,0.0,0.0,1.4725747718102429,17.0099710431219,1.940310221213221,1.9456554284341947,0.9728277142170974,4.858793363864514,0.9728277142170974,3.8859656496474164,1.940310221213221,11.080763150310236,0.9728277142170974,0.9728277142170974,0.9674825069961243,0.9674825069961243,48.48804494866535,1.5174541850678644,0.05968977878677845,0.05434457156580538,0.02717228578290269,0.14120663613548654,0.02717228578290269,0.11403435035258383,0.05968977878677845,0.9192368496897669,0.02717228578290269,0.02717228578290269,0.032517493003875755,0.032517493003875755,3.039380279524427
2014-05-10,1.4644837016354615,0.0,0.0,0.0,0.0,0.0,0.0,0.0,0.0,0.0,0.0,0.0,0.0,1.4644837016354615,16.91650966376409,1.9296491760417198,1.9349650139922485,0.9674825069961243,4.832096697030094,0.9674825069961243,3.8646141900339694,1.9296491760417198,11.019879836297543,0.9674825069961243,0.9674825069961243,0.9621666690455961,0.9621666690455961,48.22162711927708,1.6190066346004588,0.07035082395827966,0.06503498600775151,0.032517493003875755,0.16790330296990694,0.032517493003875755,0.13538580996603117,0.07035082395827966,0.9801201637024606,0.032517493003875755,0.032517493003875755,0.03783333095440391,0.03783333095440391,3.3138891790874796
2014-05-11,1.4564370878902115,0.0,0.0,0.0,0.0,0.0,0.0,0.0,0.0,0.0,0.0,0.0,0.0,1.4564370878902115,17.823561808468682,1.9190467080414906,1.9243333380911922,0.9621666690455961,4.805546715178281,0.9621666690455961,3.8433800461326837,1.9190467080414906,10.959331045988217,0.9621666690455961,0.9621666690455961,0.956880038995895,0.956880038995895,48.956673124116215,1.7200011036411156,0.0809532919585089,0.07566666190880782,0.03783333095440391,0.19445328482172064,0.03783333095440391,0.15661995386731672,0.0809532919585089,1.0406689540117877,0.03783333095440391,0.03783333095440391,0.043119961004104986,0.043119961004104986,3.5868897879935924
2014-05-12,1.4484346863083972,0.0,0.0,0.0,0.0,0.0,0.0,0.0,0.0,0.0,0.0,0.0,0.0,1.4484346863083972,17.725630150180393,1.908502495359944,1.91376007799179,0.956880038995895,4.779142612347631,0.956880038995895,3.822262573351735,1.908502495359944,10.89911494133993,0.956880038995895,0.956880038995895,0.9516224563640495,0.9516224563640495,48.687680414643054,1.8259351635112193,0.09149750464005554,0.08623992200820997,0.043119961004104986,0.22085738765237053,0.043119961004104986,0.17773742664826553,0.09149750464005554,1.1008850586600747,0.043119961004104986,0.043119961004104986,0.048377543635950565,0.048377543635950565,3.863884899048572
2014-05-13,1.4404762539660434,0.0,0.0,0.0,0.0,0.0,0.0,0.0,0.0,0.0,0.0,0.0,0.0,1.4404762539660434,17.628236577926653,1.8980162179129114,1.903244912728099,0.9516224563640495,4.752883587005061,0.9516224563640495,3.801261130641011,1.8980162179129114,10.83922969440949,0.9516224563640495,0.9516224563640495,0.9463937615488625,0.9463937615488625,48.420165687090055,1.9312871681073116,0.1019837820870882,0.09675508727190113,0.048377543635950565,0.24711641299493994,0.048377543635950565,0.19873886935898935,0.1019837820870882,1.1607703055905139,0.048377543635950565,0.048377543635950565,0.05360623845113765,0.05360623845113765,4.139358058943909
2014-05-14,1.4325615492739223,0.0,0.0,0.0,0.0,0.0,0.0,0.0,0.0,0.0,0.0,0.0,0.0,1.4325615492739223,17.531378135190792,1.8875875573749283,1.892787523097725,0.9463937615488625,4.726768842021517,0.9463937615488625,3.7803750804726537,1.8875875573749283,10.77967348729735,0.9463937615488625,0.9463937615488625,0.9411937958260665,0.9411937958260665,48.15412082067748,2.0360603155352934,0.11241244262507123,0.1072124769022753,0.05360623845113765,0.27323115797848424,0.05360623845113765,0.21962491952734656,0.11241244262507123,1.220326512702654,0.05360623845113765,0.05360623845113765,0.0588062041739336,0.0588062041739336,4.4133176300486125
2014-05-15,1.4246903319702193,0.0,0.0,0.0,0.0,0.0,0.0,0.0,0.0,0.0,0.0,0.0,0.0,1.4246903319702193,17.435051881700733,1.8772161971695713,1.882387591652133,0.9411937958260665,4.7007975846477725,0.9411937958260665,4.759603788821705,1.8772161971695713,10.720444512092419,0.9411937958260665,0.9411937958260665,0.9360224013435057,0.9360224013435057,48.889537739245185,2.1402577863290553,0.12278380283042797,0.1176124083478672,0.0588062041739336,0.29920241535222886,0.0588062041739336,0.2403962111782952,0.12278380283042797,1.2795554879075843,0.0588062041739336,0.0588062041739336,0.0639775986564944,0.0639775986564944,4.68577192878461
2014-05-16,1.41686236311324,0.0,0.0,0.0,0.0,0.0,0.0,0.0,0.0,0.0,0.0,0.0,0.0,1.41686236311324,17.33925489333974,1.8669018224598484,1.8720448026870113,0.9360224013435057,4.674969026490367,0.9360224013435057,4.733452119652355,1.8669018224598484,10.661540970817187,0.9360224013435057,0.9360224013435057,0.9308794211163436,0.9308794211163436,48.62091390551307,2.2438827435470277,0.13309817754015088,0.1279551973129888,0.0639775986564944,0.3250309735096342,0.0639775986564944,0.26654788034764526,0.13309817754015088,1.3384590291828173,0.0639775986564944,0.0639775986564944,0.06912057888365651,0.06912057888365651,4.962223731373706
2014-05-17,1.4090774050741564,0.0,0.0,0.0,0.0,0.0,0.0,0.0,0.0,0.0,0.0,0.0,0.0,1.4090774050741564,17.24398426205765,1.8566441201386403,1.8617588422326872,0.9308794211163436,4.649282383487673,0.9308794211163436,4.707444140972947,1.8566441201386403,10.602961075373138,0.9308794211163436,0.9308794211163436,0.9257646990222977,0.9257646990222977,48.35376602691134,2.3469383328681976,0.14335587986135884,0.13824115776731302,0.06912057888365651,0.3507176165123286,0.06912057888365651,0.29255585902705383,0.14335587986135884,1.3970389246268677,0.06912057888365651,0.06912057888365651,0.07423530097770235,0.07423530097770235,5.237156568014509
2014-05-18,1.4013352215297927,0.0,0.0,0.0,0.0,0.0,0.0,0.0,0.0,0.0,0.0,0.0,0.0,1.4013352215297927,17.14923709578261,1.8464427788191973,1.8515293980445955,0.9257646990222977,4.623736875886092,0.9257646990222977,4.681579063275294,1.8464427788191973,10.544703047486472,0.9257646990222977,0.9257646990222977,0.9206780797969004,0.9206780797969004,48.08808599379644,2.4494276826876034,0.15355722118080192,0.1484706019554047,0.07423530097770235,0.3762631241139092,0.07423530097770235,0.3184209367247074,0.15355722118080192,1.4552969525135333,0.07423530097770235,0.07423530097770235,0.0793219202030996,0.0793219202030996,5.51057878467377
2014-05-19,1.3936355774554532,0.0,0.0,0.0,0.0,0.0,0.0,0.0,0.0,0.0,0.0,0.0,0.0,1.3936355774554532,17.055010518333255,1.836297488825685,1.8413561595938008,0.9206780797969004,4.598331728216388,0.9206780797969004,4.6558561013891655,1.836297488825685,10.486765118654128,0.9206780797969004,0.9206780797969004,0.9156194090287856,0.9156194090287856,47.823865741083274,2.5513539042112976,0.163702511174314,0.1586438404061992,0.0793219202030996,0.40166827178361303,0.0793219202030996,0.3441438986108354,0.163702511174314,1.5132348813458765,0.0793219202030996,0.0793219202030996,0.08438059097121443,0.08438059097121443,5.782498681461277
2014-05-20,1.3859782391177857,0.0,0.0,0.0,0.0,0.0,0.0,0.0,0.0,0.0,0.0,0.0,0.0,1.3859782391177857,16.961301669331423,1.8262079421837858,1.8312388180575712,0.9156194090287856,4.5730661692701435,0.9156194090287856,4.630274474458456,1.8262079421837858,10.429145530090095,0.9156194090287856,0.9156194090287856,0.9105885331550011,0.9105885331550011,47.5610972480004,2.652720091550796,0.17379205781621337,0.16876118194242887,0.08438059097121443,0.4269338307298569,0.08438059097121443,0.3697255255415451,0.17379205781621337,1.57085446990991,0.08438059097121443,0.08438059097121443,0.08941146684499897,0.08941146684499897,6.05292451288182
2014-05-21,1.378362974067688,0.0,0.0,0.0,0.0,0.0,0.0,0.0,0.0,0.0,0.0,0.0,0.0,1.378362974067688,16.868107704115317,1.8161738326113475,1.8211770663100022,0.9105885331550011,4.547939432076352,0.9105885331550011,4.604833405917475,1.8161738326113475,10.371842532672018,0.9105885331550011,0.9105885331550011,0.9055852994563472,0.9055852994563472,47.29977253784656,2.7535293218170005,0.18382616738865176,0.17882293368999794,0.08941146684499897,0.4520605679236489,0.08941146684499897,0.39516659408252564,0.18382616738865176,1.6281574673279875,0.08941146684499897,0.08941146684499897,0.09441470054365282,0.09441470054365282,6.321864488085766
2014-05-22,1.37078955113325,0.0,0.0,0.0,0.0,0.0,0.0,0.0,0.0,0.0,0.0,0.0,0.0,1.37078955113325,16.775425793653145,1.8061948555090874,1.8111705989126945,0.9055852994563472,4.52295075387813,0.9055852994563472,4.579532123467379,1.8061948555090874,10.314854386888106,0.9055852994563472,0.9055852994563472,0.9006095560527411,0.9006095560527411,47.039883677748506,2.8537846552136106,0.1938051444909119,0.18882940108730564,0.09441470054365282,0.4770492461218706,0.09441470054365282,0.42046787653262163,0.1938051444909119,1.6851456131118996,0.09441470054365282,0.09441470054365282,0.09939044394725913,0.09939044394725913,6.5893267711182615
2014-05-23,1.3632577404127375,0.0,0.0,0.0,0.0,0.0,0.0,0.0,0.0,0.0,0.0,0.0,0.0,1.3632577404127375,16.68325312445725,1.7962707079513451,2.801219112105482,0.9006095560527411,4.498099376109569,0.9006095560527411,4.554369859052723,1.7962707079513451,10.258179362784325,0.9006095560527411,0.9006095560527411,0.8956611518986052,0.8956611518986052,47.78142277842022,2.9534891351300194,0.20372929204865414,0.19878088789451825,0.09939044394725913,0.5019006238904318,0.09939044394725913,0.44563014094727754,0.20372929204865414,1.7418206372156804,0.09939044394725913,0.09939044394725913,0.10433884810139507,0.10433884810139507,6.8553194811670615
2014-05-24,1.3557673132676125,0.0,0.0,0.0,0.0,0.0,0.0,0.0,0.0,0.0,0.0,0.0,0.0,1.3557673132676125,16.591586898498694,1.786401088676887,2.7858277983027047,0.8956611518986052,4.473384544372704,0.8956611518986052,4.5293458488381475,1.786401088676887,10.201815739911885,0.8956611518986052,0.8956611518986052,0.8907399367782832,0.8907399367782832,47.518887488428895,3.0526457882337006,0.2135989113231121,0.21417220169729562,0.10433884810139507,0.5266154556272975,0.10433884810139507,0.47065415116185294,0.2135989113231121,1.7981842600881217,0.10433884810139507,0.10433884810139507,0.10926006322171708,0.10926006322171708,7.125345198303505
2014-05-25,1.3483180423155927,0.0,0.0,0.0,0.0,0.0,0.0,0.0,0.0,0.0,0.0,0.0,0.0,1.3483180423155927,16.50042433312233,1.7765856980797614,3.7705210521581844,0.8907399367782832,4.448805508414612,0.8907399367782832,4.50445933318519,3.7765856980797614,10.145761807275006,0.8907399367782832,0.8907399367782832,0.8858457613014794,0.8858457613014794,50.25779470003094,3.1512576245620867,0.22341430192023784,0.22947894784181597,0.10926006322171708,0.5511944915853892,0.10926006322171708,0.4955406668148098,0.22341430192023784,1.8542381927250002,0.10926006322171708,0.10926006322171708,0.11415423869852083,0.11415423869852083,7.393887257653486
2014-05-26,1.3409097014237488,0.0,0.0,0.0,0.0,0.0,0.0,0.0,0.0,0.0,0.0,0.0,0.0,1.3409097014237488,16.409762660962315,1.7668242382002022,4.749803903519952,0.8858457613014794,4.4243615221046415,0.8858457613014794,4.479709556629228,3.755835227211191,10.09001586327899,0.8858457613014794,0.8858457613014794,0.880978476898724,0.880978476898724,50.98165297090989,3.2493276376139435,0.23317576179979696,0.25019609648004776,0.11415423869852083,0.5756384778953596,0.11415423869852083,0.5202904433707723,0.24416477278880797,1.9099841367210169,0.11415423869852083,0.11415423869852083,0.11902152310127621,0.11902152310127621,7.6774373276663805
2014-05-27,1.3335420657016401,0.0,0.0,0.0,0.0,0.0,0.0,0.0,0.0,0.0,0.0,0.0,0.0,1.3335420657016401,16.319599129858126,1.7571164127155856,4.723706079874238,0.880978476898724,4.400051843411759,0.880978476898724,4.45509576785654,3.7351987699188216,10.034576215678557,0.880978476898724,0.880978476898724,0.876137935816863,0.876137935816863,50.70153399854225,3.3468588044402408,0.24288358728441345,0.27629392012576176,0.11902152310127621,0.5999481565882423,0.11902152310127621,0.5449042321434604,0.2648012300811772,1.9654237843214508,0.11902152310127621,0.11902152310127621,0.12386206418313733,0.12386206418313733,7.964923935756125
2014-05-28,1.3262149114944881,0.0,0.0,0.0,0.0,0.0,0.0,0.0,0.0,0.0,0.0,0.0,0.0,1.3262149114944881,16.229931002770993,1.7474619269314342,4.69775165086394,0.876137935816863,4.375875734382024,0.876137935816863,4.430617219681504,3.7146756997544323,9.979441181526477,0.876137935816863,0.876137935816863,0.8713239911145725,0.8713239911145725,50.422954141407395,3.4438540857345252,0.252538073068565,0.30224834913605975,0.12386206418313733,0.6241242656179773,0.12386206418313733,0.5693827803184963,0.2853243002455663,2.020558818473531,0.12386206418313733,0.12386206418313733,0.1286760088854278,0.1286760088854278,8.250830947098125
2014-05-29,1.3189280163763866,0.0,0.0,0.0,0.0,0.0,0.0,0.0,0.0,0.0,0.0,0.0,0.0,1.3189280163763866,16.140755557700825,1.7378604877724704,4.671939828606446,0.8713239911145725,4.35183246111619,0.8713239911145725,4.406273169023914,3.6942653937118255,9.924609087122485,0.8713239911145725,0.8713239911145725,0.866536496657899,0.866536496657899,50.145904942828246,3.5403164259227973,0.26213951222752896,0.3280601713935539,0.1286760088854278,0.6481675388838126,0.1286760088854278,0.593726830976087,0.3057346062881731,2.0753909128775225,0.1286760088854278,0.1286760088854278,0.13346350334210128,0.13346350334210128,8.53516704079539
2014-05-30,1.3116811591435493,0.0,0.0,0.0,0.0,0.0,0.0,0.0,0.0,0.0,0.0,0.0,0.0,1.3116811591435493,17.052070087603568,1.7283118037737204,5.646269829548168,0.866536496657899,4.327921293747419,0.866536496657899,4.38206287688642,3.6739672322079144,9.870078267962471,0.866536496657899,0.866536496657899,0.8617753071158227,0.8617753071158227,51.87037799259292,3.636248753252892,0.2716881962262788,0.3537301704518311,0.13346350334210128,0.6720787062525829,0.13346350334210128,0.6179371231135811,0.32603276779208423,2.1299217320375363,0.13346350334210128,0.13346350334210128,0.13822469288417763,0.13822469288417763,8.817940848263547
2014-05-31,1.3044741198075958,0.0,0.0,0.0,0.0,0.0,0.0,0.0,0.0,0.0,0.0,0.0,0.0,1.3044741198075958,17.958377394814537,1.7188155850716669,5.615246368946255,0.8617753071158227,4.304141506419136,0.8617753071158227,4.357985608332099,3.6537805990639147,9.815847068687951,0.8617753071158227,0.8617753071158227,0.8570402779558457,0.8570402779558457,52.585375915710536,3.737148485377876,0.28118441492833224,0.3847536310537441,0.13822469288417763,0.6958584935808655,0.13822469288417763,0.6420143916679021,0.3462194009360838,2.1841529313120556,0.13822469288417763,0.13822469288417763,0.1429597220441547,0.1429597220441547,9.11014996448188
2014-06-01,1.2973066795888726,0.0,0.0,0.0,0.0,0.0,0.0,0.0,0.0,0.0,0.0,0.0,0.0,1.2973066795888726,17.859704991546327,1.7093715433954488,5.584393366919078,0.8570402779558457,4.280492377262987,0.8570402779558457,4.334040632462142,3.6337048814866404,9.76191384303582,0.8570402779558457,0.8570402779558457,0.8523312654396048,0.8523312654396048,52.29644527881103,3.842988328864811,0.29062845660455017,0.41560663308092133,0.1429597220441547,0.7195076227370146,0.1429597220441547,0.6659593675378587,0.36629511851335805,2.238086156964187,0.1429597220441547,0.1429597220441547,0.14766873456039561,0.14766873456039561,9.406248041600113
2014-06-02,1.2901786209098127,0.0,0.0,0.0,0.0,0.0,0.0,0.0,0.0,0.0,0.0,0.0,0.0,1.2901786209098127,17.761574744340027,1.6999793920581112,5.5537098868810615,0.8523312654396048,4.256973188376926,0.8523312654396048,5.310227222393668,3.6137394700499006,9.70827695378837,0.8523312654396048,0.8523312654396048,0.8476481266185081,1.847648126618508,54.009102172883495,3.948246634750169,0.3000206079418878,0.44629011311893824,0.14766873456039561,0.743026811623075,0.14766873456039561,0.6897727776063319,0.38626052995009785,2.2917230462116365,0.14766873456039561,0.14766873456039561,0.15235187338149234,0.15235187338149234,9.700719206206706
2014-06-03,1.2830897273883304,0.0,0.0,0.0,0.0,0.0,0.0,0.0,0.0,0.0,0.0,0.0,0.0,1.2830897273883304,17.66398367431618,1.690638845947902,5.523194997392705,0.8476481266185081,4.233583225803426,0.8476481266185081,5.2810501497431535,3.593883758676,9.6549347727236,0.8476481266185081,0.8476481266185081,0.8429907193293954,1.83749621383489,53.712348864241285,4.052926598295498,0.3093611540520972,0.4768050026072957,0.15235187338149234,0.7664167741965746,0.15235187338149234,0.7189498502568465,0.40611624132399843,2.345065227276408,0.15235187338149234,0.15235187338149234,0.15700928067060502,0.16250378616511052,10.004561408370405
2014-06-04,1.2760397838312516,0.0,0.0,0.0,0.0,0.0,0.0,0.0,0.0,0.0,0.0,0.0,0.0,1.2760397838312516,17.566928818962797,1.6813496215196169,5.492847772132305,0.8429907193293954,4.210321779507803,0.8429907193293954,5.252033390678631,3.5741371446173407,9.601885680565777,0.8429907193293954,0.8429907193293954,0.8383589021902229,1.8274000807918414,53.41722606828391,4.157031397205962,0.31865037848038236,0.5071522278676952,0.15700928067060502,0.7896782204921978,0.15700928067060502,0.7479666093213694,0.4258628553826578,2.39811431943423,0.15700928067060502,0.15700928067060502,0.1616410978097775,0.17259991920815937,10.306734147884853
2014-06-05,1.2690285762277833,0.0,0.0,0.0,0.0,0.0,0.0,0.0,0.0,0.0,0.0,0.0,0.0,1.2690285762277833,19.470407232045417,1.6721114367859924,5.462667289867842,0.8383589021902229,4.187188143356662,0.8383589021902229,5.223176064356221,3.5544990284381246,9.549128066936294,0.8383589021902229,0.8383589021902229,0.833752534595771,1.8173594210072708,55.12372482615049,4.260564191726808,0.3278885632140066,0.5373327101321584,0.1616410978097775,0.8128118566433395,0.1616410978097775,0.7768239356437794,0.44550097156187396,2.4508719330637123,0.1616410978097775,0.1616410978097775,0.16624746540422927,0.18264057899272992,10.607246597621748
2014-06-06,1.2620558917430154,0.0,0.0,0.0,0.0,0.0,0.0,0.0,0.0,0.0,0.0,0.0,0.0,1.2620558917430154,19.363426972528686,1.6629240113091464,5.432652634429008,0.833752534595771,4.16418161509646,0.833752534595771,5.194477294771847,3.534968813996157,9.496660330304776,0.833752534595771,0.833752534595771,0.8291714767133767,1.8073739296830549,54.8208472172156,4.3745171357283095,0.3370759886908527,0.5673473655709927,0.16624746540422927,0.835818384903541,0.16624746540422927,0.8055227052281543,0.4650311860038417,2.5033396696952304,0.16624746540422927,0.16624746540422927,0.17082852328662362,0.1926260703169457,10.917096891041409
2014-06-07,1.2551215187114604,0.0,0.0,0.0,0.0,0.0,0.0,0.0,0.0,0.0,0.0,0.0,0.0,1.2551215187114604,19.25703451663567,1.653787066192063,5.4028028946793984,0.8291714767133767,4.1413014963321935,0.8291714767133767,5.165936210734639,3.5155459084247496,9.444480877940464,0.8291714767133767,0.8291714767133767,0.8246155894786877,1.7974433036957853,54.51963377096716,4.487843964652879,0.34621293380793594,0.5971971053206027,0.17082852328662362,0.8586985036678072,0.17082852328662362,0.8340637892653622,0.48445409157524916,2.5555191220595423,0.17082852328662362,0.17082852328662362,0.1753844105213125,0.20255669630421524,11.225244710321402
2014-06-08,1.2482252466306283,0.0,0.0,0.0,0.0,0.0,0.0,0.0,0.0,0.0,0.0,0.0,0.0,1.2482252466306283,19.151226634676135,1.6447003240701286,5.3731171644888525,0.8246155894786877,4.118547092506192,0.8246155894786877,5.137551945840492,3.496229722114723,9.392588125863867,0.8246155894786877,0.8246155894786877,0.8200847345914422,1.7875672415875667,54.22007534365415,4.600548118693248,0.35529967592987033,0.6268828355111488,0.1753844105213125,0.8814529074938082,0.1753844105213125,0.8624480541595085,0.5037702778852753,2.6074118741361385,0.1753844105213125,0.1753844105213125,0.17991526540855804,0.21243275841243384,11.531699409715237
2014-06-09,1.2413668661546358,0.0,0.0,0.0,0.0,0.0,0.0,0.0,0.0,0.0,0.0,0.0,0.0,1.2413668661546358,19.046000114705386,1.6356635091027103,5.343594542705947,0.8200847345914422,4.095917712877037,0.8200847345914422,5.1093236384457645,3.4770196686965105,9.34098049879868,0.8200847345914422,0.8200847345914422,0.8155787745112695,1.7777454435568658,53.92216284176593,4.7126330191399886,0.3643364908972886,0.6564054572940545,0.17991526540855804,0.9040822871229631,0.17991526540855804,0.8906763615542366,0.5229803313034881,2.6590195012013247,0.17991526540855804,0.17991526540855804,0.1844212254887308,0.22225455644313474,11.836470292079442
2014-06-10,1.234546169087852,0.0,0.0,0.0,0.0,0.0,0.0,0.0,0.0,0.0,0.0,0.0,0.0,1.234546169087852,18.941351762426784,1.6266763469647834,5.31423413313064,0.8155787745112695,4.073412670498592,0.8155787745112695,5.081250431641117,3.457915165022354,9.289656430123962,0.8155787745112695,0.8155787745112695,0.8110975724535152,1.7679776114494106,53.62588722175623,4.824102068485374,0.3733236530352156,0.6857658668693619,0.1844212254887308,0.9265873295014084,0.1844212254887308,0.9187495683588837,0.5420848349776447,2.7103435698760427,0.1844212254887308,0.1844212254887308,0.18890242754648504,0.23202238855059004,12.13956660915593
2014-06-11,1.2277629483785781,0.0,0.0,0.0,0.0,0.0,0.0,0.0,0.0,0.0,0.0,0.0,0.0,1.2277629483785781,18.837278401094768,1.6177385648386031,5.285035044487064,0.8110975724535152,4.051031282199149,0.8110975724535152,5.053331473225507,3.438915631148605,9.238614361826578,0.8110975724535152,0.8110975724535152,0.8066409923850892,1.758263448749139,53.33123948976856,4.934958650526663,0.3822614351613957,0.7149649555129368,0.18890242754648504,0.9489687178008512,0.18890242754648504,0.9466685267744942,0.5610843688513939,2.761385638173427,0.18890242754648504,0.18890242754648504,0.19335900761491095,0.24173655125086152,12.440997561852877
2014-06-12,1.2210169981127617,0.0,0.0,0.0,0.0,0.0,0.0,0.0,0.0,0.0,0.0,0.0,0.0,1.2210169981127617,18.733776871418424,1.6088498914054241,5.255996390396477,0.8066409923850892,4.028772868560693,0.8066409923850892,5.025565915680312,3.420020490318118,9.187852744453904,0.8066409923850892,0.8066409923850892,0.802208899020336,1.7486026605691989,53.03821070136325,5.0452061304688245,0.39115010859457483,0.7440036096035251,0.19335900761491095,0.9712271314393081,0.19335900761491095,0.9744340843196893,0.5799795096818807,2.8121472555461007,0.19335900761491095,0.19335900761491095,0.19779110097966418,0.25139733943080184,12.740772300524013
2014-06-13,1.2143081135077465,0.0,0.0,0.0,0.0,0.0,0.0,0.0,0.0,0.0,0.0,0.0,0.0,1.2143081135077465,18.630844031465575,1.6000100568372626,5.227117289350343,0.802208899020336,4.006636753898271,0.802208899020336,4.997952916143608,3.4012291689427436,9.137370037066795,0.802208899020336,0.802208899020336,0.7978011578169275,1.7389949536429945,52.74679196124586,5.154847855026688,0.3999899431627365,0.7728827106496595,0.19779110097966418,0.9933632461017294,0.19779110097966418,1.0020470838563942,0.598770831057255,2.86262996293321,0.19779110097966418,0.19779110097966418,0.20219884218307263,0.2610050463570062,13.03889992524641
2014-06-14,1.2076360909060555,0.0,0.0,0.0,0.0,0.0,0.0,0.0,0.0,0.0,0.0,0.0,0.0,1.2076360909060555,18.528476756567414,1.591218792788706,6.198396864683582,0.7978011578169275,3.9846222662394895,0.7978011578169275,4.970491636384577,3.382541096585915,9.087164707192802,0.7978011578169275,0.7978011578169275,0.7934176349717795,1.7294400363152858,53.45697442299726,5.263887152526541,0.4087812072112929,0.8016031353164197,0.20219884218307263,1.0153777337605112,0.20219884218307263,1.029508363615425,0.6174589034140833,2.9128352928072037,0.20219884218307263,0.20219884218307263,0.20658236502822058,0.27055996368471497,13.335389486096702
2014-06-15,1.2010007277692092,0.0,0.0,0.0,0.0,0.0,0.0,0.0,0.0,0.0,0.0,0.0,0.0,1.2010007277692092,18.426671939223638,1.5824758323887682,6.164339739053453,0.7934176349717795,3.962728737304108,0.7934176349717795,4.943181242778069,3.363955705945333,9.037235230779654,0.7934176349717795,0.7934176349717795,0.7890581974169896,1.7199376185333337,53.16325478331048,5.372327333007164,0.41752416761123085,0.8356602609465492,0.20658236502822058,1.037271262695893,0.20658236502822058,1.0568187572219336,0.6360442940546652,2.962764769220351,0.20658236502822058,0.20658236502822058,0.21094180258301057,0.28006238146666707,13.635744488920347
2014-06-16,1.1944018226715762,0.0,0.0,0.0,0.0,0.0,0.0,0.0,0.0,0.0,0.0,0.0,0.0,1.1944018226715762,18.325426489008123,1.573780910232786,7.130469740487225,0.7890581974169896,3.9409555024837553,0.7890581974169896,4.916020906279289,3.3454724328357432,8.987580092148995,0.7890581974169896,0.7890581974169896,0.7847227128157974,1.7104874118380957,53.871148987797774,5.480171688320311,0.42621908976721307,0.869530259512777,0.21094180258301057,1.0590444975162454,0.21094180258301057,1.0839790937207143,0.654527567164255,3.0124199078510085,0.21094180258301057,0.21094180258301057,0.21527728718420283,0.28951258816190517,13.934449189530673
